name,type,industry,location,notes
Bahar,Non-Profit,Non-profit & Philanthropy ,Turkey,
Bill & Melinda Gates Foundation,Non-Profit,Non-profit & Philanthropy ,"Seattle, WA, USA",
Clear Global,Non-Profit,Non-profit & Philanthropy ,Ireland,
Cystic Fibrosis Foundation,Non-Profit,Non-profit & Philanthropy ,"Bethesda, MD, USA",
Google.org,Non-Profit,Non-profit & Philanthropy ,"Mountain View, CA, USA",
Inara,Non-Profit,Non-profit & Philanthropy ,"Wassaic, NY, USA",
Michael & Susan Dell Foundation,Non-Profit,Non-profit & Philanthropy ,"Austin, TX, USA",
Omidyar Network India,Non-Profit,Non-profit & Philanthropy ,"Mumbai, India",
Partnership on AI,Non-Profit,Non-profit & Philanthropy ,USA,
Rockefeller Foundation,Non-Profit,Non-profit & Philanthropy ,"New York, NY, USA",
Syrian Legal Development Programme (SLDP),Non-Profit,Non-profit & Philanthropy ,"London, England, United Kingdom",
The Disability Opportunity Fund,Non-Profit,Non-profit & Philanthropy ,"Rockville Centre, NY, USA",
European Commission,Government,Government,Belgium,
FBI,Government,Government,USA,
Ministry of Electronics and Information Technology of India - MeitY,Government,Government,India,
NASA,Government,Government,USA,
US Air Force,Government,Government,USA,
01 Advisors,Commercial,Finance & Venture Capital,"San Francisco, CA, USA",
8VC,Commercial,Finance & Venture Capital,"Austin, TX, USA",
AAA,Commercial,Insurance,"Heathrow, FL, USA",
Academic Partnerships,Commercial,Education,"Dallas, TX, USA",
Accel,Commercial,Finance & Venture Capital,"Palo Alto, CA, USA",
ACXIT Capital Partners,Commercial,Finance & Venture Capital,"Frankfurt, Germany",
Adept,Commercial,Tech,"San Francisco, CA, USA",
Adobe,Commercial,Tech,"San Jose, CA, USA",
Advent International,Commercial,Finance & Venture Capital,"Boston, MA, USA",
Aerion Partners,Commercial,Finance & Venture Capital,"London, England, United Kingdom",
AI21 Labs,Commercial,Tech,"Tel Aviv, Israel",
Aimia,Commercial,Finance & Venture Capital,"Toronto, Canada",
AIMMO,Commercial,Data Work Company,South Korea,
Airbnb,Commercial,Tech,USA,
Alchemist Accelerator,Commercial,Finance & Venture Capital,"San Francisco, CA, USA",
Alegion,Commercial,Data Work Company,"Austin, TX, USA; Singapore",
Ali Omar,Commercial,Finance & Venture Capital,"Helsinki, Finland",
Alignerr,Commercial,Data Work Company,Unknown,
Allstate,Commercial,Insurance,USA,
Alorica,Commercial,Other,"Irvine, CA, USA",
Alpha Wave Global,Commercial,Finance & Venture Capital,"New York, NY, USA",
AltaIR Capital,Commercial,Finance & Venture Capital,"San Francisco, CA, USA",
Alteria Capital,Commercial,Finance & Venture Capital,"Mumbai, India",
Alumni Ventures,Commercial,Finance & Venture Capital,"Manchester, NH, USA",
Amaron,Commercial,Healthcare & Pharmaceuticals,Belgium,
Amazon,Commercial,Tech,USA,
Amazon Alexa Fund,Commercial,Finance & Venture Capital,"Seattle, WA, USA",
Amazon Web Services,Commercial,Tech,USA,
Amplify Partners,Commercial,Finance & Venture Capital,"Menlo Park, CA, USA",
Ancestry,Commercial,Other,USA,
Andreessen Horowitz,Commercial,Finance & Venture Capital,"Menlo Park, CA, USA",
Ankur Capital,Commercial,Finance & Venture Capital,"Mumbai, India",
Annotation Box,Commercial,Data Work Company,"Florida, USA",
Anthropic,Commercial,Tech,USA,
Apax Partners,Commercial,Finance & Venture Capital,"London, England, United Kingdom",
Appen,Commercial,Data Work Company,"Chatswood, New South Wales, Australia",
Apple,Commercial,Tech,USA,
AppTech Systems,Commercial,Tech,"Istanbul, Turkey",
ArcelorMittal,Commercial,Manufacturing & Agriculture,Luxembourg,
Argilla,Commercial,Data Work Company,"Madrid, Spain",
Arterys,Commercial,Tech,"San Francisco, CA, USA",
Atrium,Commercial,Data Work Company,"New York, USA",
Aurora,Commercial,Tech,"Pittsburgh, PA, USA",
Auto Desk,Commercial,Tech,"San Francisco, CA, USA",
Automation Anywhere,Commercial,Tech,USA,
B Capital,Commercial,Finance & Venture Capital,"San Francisco, CA, USA",
b2venture,Commercial,Finance & Venture Capital,"St. Gallen, Switzerland",
BACKED VC,Commercial,Finance & Venture Capital,"London, England, United Kingdom",
Base10 Partners,Commercial,Finance & Venture Capital,"San Francisco, CA, USA",
BASF,Commercial,Manufacturing & Agriculture,Germany,
Bayer,Commercial,Healthcare & Pharmaceuticals,Germany,
Berkeley SkyDeck Fund,Commercial,Finance & Venture Capital,"Berkeley, CA, USA",
Bharat Inclusion Initiative,Commercial,Finance & Venture Capital,"Ahmedabad, India",
BigCode,Commercial,Tech,,No location found
Black & Decker,Commercial,Retail & Consumer Goods,USA,
BlackRock,Commercial,Finance & Venture Capital,"New York, NY, USA",
Blackstone Group,Commercial,Finance & Venture Capital,"New York, NY, USA",
BNY Mellon,Commercial,Finance & Venture Capital,"New York, NY, USA",
Boeing,Commercial,Manufacturing & Agriculture,"Arlington, Virginia",
Bosch,Commercial,Retail & Consumer Goods,Germany,
Boston Millennia Partners,Commercial,Finance & Venture Capital,"Boston, MA, USA",
Bow Capital,Commercial,Finance & Venture Capital,"Menlo Park, CA, USA",
Bracket Capital,Commercial,Finance & Venture Capital,"Los Angeles, CA, USA",
Bridge Bank,Commercial,Finance & Venture Capital,"San Jose, CA, USA",
Bristol Myers Squibb,Commercial,Healthcare & Pharmaceuticals,USA,
British International Investment,Commercial,Finance & Venture Capital,"London, England, United Kingdom",
Brunswick,Commercial,Manufacturing & Agriculture,"Mettawa, IL, USA",
Buhler,Commercial,Manufacturing & Agriculture,"Uzwil, Switzerland",
Burberry,Commercial,Retail & Consumer Goods,United Kingdom,
Bynd Venture Capital,Commercial,Finance & Venture Capital,"Lisbon, Portugal",
ByteDance,Commercial,Tech,China,
Cainthus,Commercial,Manufacturing & Agriculture,Ireland,
CallMiner,Commercial,Tech,USA,
Canva,Commercial,Tech,"Sydney, Australia",
CAPE Analytics,Commercial,Finance & Venture Capital,Germany,
CapeStart,Commercial,Data Work Company,"Cambridge, MA, USA",
Carolinas HealthCare System,Commercial,Healthcare & Pharmaceuticals,"Charlotte, NC, USA",
Celesta Capital,Commercial,Finance & Venture Capital,"San Francisco, CA, USA",
Centaur Labs,Commercial,Data Work Company,"Boston, MA, USA",
Centrical,Commercial,Tech,USA,
Character.ai,Commercial,Tech,USA,
Charlie Songhurst,Commercial,Finance & Venture Capital,"Kirkland, WA, USA",
Chegg,Commercial,Education,USA,
Chicago Pacific Founders,Commercial,Finance & Venture Capital,"Chicago, IL, USA",
Chiratae Ventures,Commercial,Finance & Venture Capital,"Bengaluru, India",
Chubb,Commercial,Insurance,"Zurich, Switzerland",
Citi,Commercial,Finance & Venture Capital,"New York, NY, USA",
Citrix,Commercial,Tech,USA,
Clickworker,Commercial,Data Work Company,"Essen, Nordrhein-Westfalen, Germany",
Clorox,Commercial,Retail & Consumer Goods,"Oakland, CA, USA",
Cloud Factory,Commercial,Data Work Company,US / UK / Nepal / Kenya,
CloudFactory,Commercial,Data Work Company,"Reading, UK",
Coatue,Commercial,Finance & Venture Capital,"New York, NY, USA",
Cogito,Commercial,Data Work Company,"Levittown, NY, USA",
Cohere,Commercial,Tech,"Toronto, Canada",
Coinbase,Commercial,Finance & Venture Capital,USA,
CoinFund,Commercial,Finance & Venture Capital,"Brooklyn, NY, USA",
Colam Impact,Commercial,Finance & Venture Capital,"Paris, France",
Concentrix,Commercial,Data Work Company,"Newark, CA, USA",
Confluent,Commercial,Tech,"Burlingame, CA, USA",
Coursera,Commercial,Education,"Mountain View, CA, USA",
Crane Venture Partners,Commercial,Finance & Venture Capital,"London, England, United Kingdom",
Crescendo,Commercial,Data Work Company,"San Francisco, CA",
Criteo,Commercial,Tech,France,
Criteria Venture Tech,Commercial,Finance & Venture Capital,"Barcelona, Spain",
Cropin,Commercial,Data Work Company,"Bengaluru, India",
CRV,Commercial,Finance & Venture Capital,"Palo Alto, CA, USA",
CSL Behring,Commercial,Healthcare & Pharmaceuticals,"King of Prussia, PA, USA",
Cylance,Commercial,Tech,"Irvine, CA, USA",
DataAnnotation.tech,Commercial,Data Work Company,USA,
Databricks,Commercial,Data Work Company,"San Francisco, CA, USA",
DataLoop,Commercial,Data Work Company,Israel,
Datasaur Inc.,Commercial,Data Work Company,"Livermore, CA, USA",
Day One Ventures,Commercial,Finance & Venture Capital,"San Francisco, CA, USA",
Defined.AI,Commercial,Data Work Company,"Seattle, WA, USA",
DeGould,Commercial,Tech,"Exeter, United Kingdom",
Deloitte,Commercial,Finance & Venture Capital,"New York, NY, USA",
DesiCrew,Commercial,Data Work Company,"Chennai, India",
Devnagri,Commercial,Data Work Company,"NOIDA, UP, India",
DFJ Growth,Commercial,Finance & Venture Capital,"Menlo Park, CA, USA",
Doordash,Commercial,Tech,"San Francisco, CA, USA",
DS Asset Management,Commercial,Finance & Venture Capital,"Tokyo, Japan",
Dyna Robotics,Commercial,Tech,"Redwood City, CA, USA",
E&Investment,Commercial,Finance & Venture Capital,"Abu Dhabi, United Arab Emirates",
Eaglewings Ventures,Commercial,Finance & Venture Capital,"Mumbai, India",
eBay,Commercial,Tech,USA,
Eightify,Commercial,Tech,"San Francisco, CA, USA",
Elaia,Commercial,Finance & Venture Capital,"Paris, France",
Eleven Labs,Commercial,Tech,"New York, NY, USA",
Enabled Intelligence,Commercial,Data Work Company,"Falls Church, VA, USA",
Encord,Commercial,Data Work Company,"London, UK",
Eniac Ventures,Commercial,Finance & Venture Capital,"New York, NY, USA",
Enigma,Commercial,Tech,"New York, NY, USA",
Envestors,Commercial,Finance & Venture Capital,United Kingdom,
EQT Ventures,Commercial,Finance & Venture Capital,"Stockholm, Sweden",
Essence VC,Commercial,Finance & Venture Capital,"Seattle, WA, USA",
Expedia,Commercial,Other,USA,
Explorium,Commercial,Data Work Company,"San Mateo, CA, USA",
F2 Venture Capital,Commercial,Finance & Venture Capital,"Tel Aviv, Israel",
FA Technology Ventures,Commercial,Finance & Venture Capital,"Boston, MA, USA",
Factorial Capital,Commercial,Finance & Venture Capital,"Brooklyn, NY, USA",
Faurecia,Commercial,Tech,USA,
Fearless Fund,Commercial,Finance & Venture Capital,"Atlanta, GA, USA",
Felicis,Commercial,Finance & Venture Capital,"Menlo Park, CA, USA",
First Ascent Ventures,Commercial,Finance & Venture Capital,"Toronto, Canada",
First Round Capital,Commercial,Finance & Venture Capital,"San Francisco, CA, USA",
FirstMark,Commercial,Finance & Venture Capital,"New York, NY, USA",
Fitch Rating,Commercial,Finance & Venture Capital,"New York, NY, USA",
Foothill Ventures,Commercial,Finance & Venture Capital,"Los Altos, CA, USA",
Ford,Commercial,Manufacturing & Agriculture,"Dearborn, MI, USA",
Foresight Ventures,Commercial,Finance & Venture Capital,Singapore,
Foss,Commercial,Manufacturing & Agriculture,Denmark,
Founders Fund,Commercial,Finance & Venture Capital,"San Francisco, CA, USA",
Fractal,Commercial,Data Work Company,"New York, NY, USA",
Franklin Templeton,Commercial,Finance & Venture Capital,"San Mateo, CA, USA",
FTV Capital,Commercial,Finance & Venture Capital,"San Francisco, CA, USA",
Gaingels,Commercial,Finance & Venture Capital,"Burlington, VT, USA",
GE Healthcare,Commercial,Healthcare & Pharmaceuticals,"Chicago, IL, USA",
Genentech,Commercial,Healthcare & Pharmaceuticals,USA,
General Catalyst,Commercial,Finance & Venture Capital,"San Francisco, CA, USA",
Genesys,Commercial,Tech,USA,
GlobalLogic,Commercial,Data Work Company,"San Jose, CA, USA",
Gold House Ventures,Commercial,Finance & Venture Capital,"Los Angeles, CA, USA",
Google,Commercial,Tech,USA,
Google Cloud,Commercial,Tech,USA,
Google DeepMind,Commercial,Tech,United Kingdom,
Greycroft,Commercial,Finance & Venture Capital,"New York, NY, USA",
Group M,Commercial,Media & Entertainment,"New York, NY, USA",
Grypp,Commercial,Tech,United Kingdom,
GSMA Innovation Fund,Commercial,Finance & Venture Capital,"London, England, United Kingdom",
Handshake,Commercial,Data Work Company,"San Francisco, California, United States",
Haptik,Commercial,Tech,"Mumbai, India",
Harpoon Ventures,Commercial,Finance & Venture Capital,"San Diego, CA, USA",
Heex,Commercial,Tech,"Paris, France",
Henry Nilert,Commercial,Finance & Venture Capital,"Helsinki, Finland",
High-Tech Gruenderfonds,Commercial,Finance & Venture Capital,"Bonn, Germany",
Hinge Health,Commercial,Healthcare & Pharmaceuticals,"San Francisco, CA, USA",
Hive AI,Commercial,Data Work Company,"San Francisco, CA, USA",
Houlihan Lokey,Commercial,Finance & Venture Capital,"Los Angeles, CA, USA",
HP,Commercial,Tech,"Palo Alto, CA, USA",
Hugging Face,Commercial,Tech,"New York, NY, USA",
Human Signal,Commercial,Data Work Company,"San Francisco, CA, USA",
humbition,Commercial,Finance & Venture Capital,"Miami, FL, USA",
Husqvarna,Commercial,Retail & Consumer Goods,Sweden,
IBM,Commercial,Tech,"New York, NY, USA",
ICEYE,Commercial,Tech,USA,
Ideogram,Commercial,Tech,"Toronto, Canada",
IDX,Commercial,Manufacturing & Agriculture,"Grand Rapids, MI, USA",
Ignitarium,Commercial,Tech,"Bengaluru, India",
IIT Mandi Catalyst,Commercial,Finance & Venture Capital,"Kamand, India",
Imbue,Commercial,Tech,USA,
iMerit,Commercial,Data Work Company,"San Jose, CA, USA",
Indoor Robotics,Commercial,Tech,Israel,
Industrial Bank of Korea,Commercial,Finance & Venture Capital,"Seoul, South Korea",
Inflection Point Ventures,Commercial,Finance & Venture Capital,"Gurgaon, India",
IngeData,Commercial,Data Work Company,"Antananarivo, Madagascar",
Initialized Capital,Commercial,Finance & Venture Capital,"San Francisco, CA, USA",
Innodata,Commercial,Data Work Company,"New Jersey, USA",
Insight Partners,Commercial,Finance & Venture Capital,"New York, NY, USA",
Insitro,Commercial,Healthcare & Pharmaceuticals,"San Francisco, CA, USA",
Intel Capital,Commercial,Finance & Venture Capital,"Santa Clara, CA, USA",
Invisible Technologies,Commercial,Data Work Company,"San Francisco, CA, USA",
Ironclad,Commercial,Tech,"San Francisco, CA, USA",
Isahit,Commercial,Data Work Company,"Paris, France",
IvyCap Ventures,Commercial,Finance & Venture Capital,"Mumbai, India",
Jio Gennext,Commercial,Finance & Venture Capital,"Mumbai, India",
JITO Angel Network,Commercial,Finance & Venture Capital,"Mumbai, India",
Jonathan Cornelissen,Commercial,Finance & Venture Capital,"New York, NY, USA",
Karya,Commercial,Data Work Company,India,
KfW,Commercial,Finance & Venture Capital,"Frankfurt, Germany",
Khazanah Nasional,Commercial,Finance & Venture Capital,"Kuala Lumpur, Malaysia",
Khoros,Commercial,Tech,USA,
Khosla Impact,Commercial,Finance & Venture Capital,"Menlo Park, CA, USA",
Kibo Ventures,Commercial,Finance & Venture Capital,"Madrid, Spain",
Kickstarter,Commercial,Tech,USA,
Klaus Wecken,Commercial,Finance & Venture Capital,"Basel, Switzerland",
Kleiner Perkins,Commercial,Finance & Venture Capital,"Menlo Park, CA, USA",
Kognic,Commercial,Data Work Company,"Göteborg, Sweden",
Kore.ai,Commercial,Tech,USA,
Korea Investment & Securities,Commercial,Finance & Venture Capital,"Seoul, South Korea",
La Caisse,Commercial,Finance & Venture Capital,"Quebec City, Canada",
Labelbox,Commercial,Data Work Company,"San Francisco, CA, USA",
Labellerr,Commercial,Data Work Company,"USA, India",
Lenovo Capital and Incubator Group (LCIG),Commercial,Finance & Venture Capital,"Beijing, China",
Lifeline Ventures,Commercial,Finance & Venture Capital,"Helsinki, Finland",
Lightspeed Venture Partners,Commercial,Finance & Venture Capital,"Menlo Park, CA, USA",
Link Ventures,Commercial,Finance & Venture Capital,"Cambridge, MA, USA",
Liquid 2 Ventures,Commercial,Finance & Venture Capital,"San Francisco, CA, USA",
LLR Partners,Commercial,Finance & Venture Capital,"Philadelphia, PA, USA",
Lynxcare,Commercial,Data Work Company,"Leuven, Vlaams-Brabant, Belgium",
M12 Ventures,Commercial,Finance & Venture Capital,,
MaC Venture Capital,Commercial,Finance & Venture Capital,"Los Angeles, CA, USA",
Mandalore Partners,Commercial,Finance & Venture Capital,"Paris, France",
Mastercard,Commercial,Finance & Venture Capital,"New York, NY, USA",
Matterwave Ventures,Commercial,Finance & Venture Capital,"Munich, Germany",
Maze,Commercial,Tech,USA,
Medidata,Commercial,Tech,"New York, NY, USA",
Medtronic,Commercial,Healthcare & Pharmaceuticals,USA,
Memorial Sloan Kettering Cancer Center,Commercial,Healthcare & Pharmaceuticals,"New York, NY, USA",
Menlo Ventures,Commercial,Finance & Venture Capital,"Menlo Park, CA, USA",
Merck,Commercial,Healthcare & Pharmaceuticals,"Rahway, NJ, USA",
Mercor,Commercial,Data Work Company,"San Francisco, California, United States",
Meredith,Commercial,Media & Entertainment,"Des Moines, IA, USA",
Merus Capital,Commercial,Finance & Venture Capital,"Menlo Park, CA, USA",
Meta,Commercial,Tech,"Menlo Park, CA, USA",
Metaplanet,Commercial,Finance & Venture Capital,"Tokyo, Japan",
Metroc,Commercial,Data Work Company,"Helsinki, Finland",
Metronic,Commercial,Healthcare & Pharmaceuticals,"Minneapolis, MN, USA",
Microsoft,Commercial,Tech,USA,
Minus Zero,Commercial,Data Work Company,"Bengaluru, India",
MIS,Commercial,,,not sure what company this is; could not find
Mistral AI,Commercial,Tech,"Paris, France",
Mobidev,Commercial,Tech,"Atlanta, GA, USA",
Motorola,Commercial,Tech,"Chicago, IL, USA",
Munich RE,Commercial,Insurance,"Munich, Germany",
Mythos AI,Commercial,Tech,"West Palm Beach, FL, USA",
Nat Friedman,Commercial,Finance & Venture Capital,"San Francisco, CA, USA",
National Geographic,Commercial,Media & Entertainment,"Washington, DC, USA",
Navana Tech,Commercial,Data Work Company,"Mumbai, Maharashtra, India",
Navegar,Commercial,Finance & Venture Capital,"Manila, Philippines",
Nebius,Commercial,Data Work Company,"Amsterdam, Netherlands; Luzern, Switzerland",
Nebius AI,Commercial,Tech," Amsterdam, Netherlands",
Neeva,Commercial,Tech,USA,
Netflix,Commercial,Tech,"Los Gatos, CA, USA",
Neudi & Co,Commercial,Finance & Venture Capital,"Gothenburg, Sweden",
New Enterprise Associates,Commercial,Finance & Venture Capital,"Menlo Park, CA, USA",
NextWealth,Commercial,Data Work Company,India,
NGC Ventures,Commercial,Finance & Venture Capital,Singapore,
NGP Capital,Commercial,Finance & Venture Capital,"Palo Alto, CA, USA",
NICE Nexidia,Commercial,Tech,USA,
Nike,Commercial,Retail & Consumer Goods,"Beaverton, OR, USA",
Noimos,Commercial,Insurance,"Zurich, Switzerland",
NordicNinja VC,Commercial,Finance & Venture Capital,"Helsinki, Finland",
Norwest Equity Partners (NEP),Commercial,Finance & Venture Capital,"Minneapolis, MN, USA",
Norwest Mezzanine Partners,Commercial,Finance & Venture Capital,"Minneapolis, MN, USA",
Nugget AI,Commercial,Tech,Canada,
NVIDIA,Commercial,Tech,"Santa Clara, CA, USA",
Olameter,Commercial,Other,"Montreal, Canada",
OpenAI,Commercial,Tech,"San Francisco, CA, USA",
Orbis Investment Management,Commercial,Finance & Venture Capital,"Hamilton, Bermuda",
Orbisk,Commercial,Tech,Netherlands,
ORSI Academy,Commercial,Tech,"Melle, Belgium",
OrthoGrid Systems,Commercial,Healthcare & Pharmaceuticals,USA,
OurCrowd,Commercial,Finance & Venture Capital,Israel,
Overjet.ai,Commercial,Healthcare & Pharmaceuticals,USA,
Oxford Science Enterprises,Commercial,Finance & Venture Capital,"Oxford, United Kingdom",
Palantir,Commercial,Tech,"Miami, FL, USA",
Paper Ventures,Commercial,Finance & Venture Capital,"London, England, United Kingdom",
Papercup,Commercial,Tech,United Kingdom,
Partech,Commercial,Finance & Venture Capital,"New Hartford, NY, USA",
Partners Healthcare,Commercial,Healthcare & Pharmaceuticals,"Somerville, MA, USA",
Peak XV Partners,Commercial,Finance & Venture Capital,"Bengaluru, India",
Pearson,Commercial,Education,"London, England, United Kingdom",
Penske,Commercial,Other,"Bloomfield Hills, MI, USA",
Perle AI,Commercial,Data Work Company,"San Francisco, CA, USA",
Perplexity AI,Commercial,Tech,"San Francisco, CA, USA",
Physical Intelligence,Commercial,Tech,"San Francisco, CA, USA",
Pioneer Fund,Commercial,Finance & Venture Capital,"San Francisco, CA, USA",
Plug and Play,Commercial,Finance & Venture Capital,"Sunnyvale, CA, USA",
PMV,Commercial,Finance & Venture Capital,"Brussels, Belgium",
Point Nine,Commercial,Finance & Venture Capital,"Berlin, Germany",
Poolside,Commercial,Tech,"San Francisco, CA, USA",
Portugal Ventures,Commercial,Finance & Venture Capital,"Porto, Portugal",
Praxis,Commercial,Finance & Venture Capital,"Chicago, IL, USA",
Primer,Commercial,Finance & Venture Capital,United Kingdom,
Procter & Gamble,Commercial,Manufacturing & Agriculture,USA,
Prolific,Commercial,Data Work Company,"Oxford, Oxfordshire, United Kingdom",
QBE,Commercial,Insurance,"Sydney, Australia",
QI Ventures,Commercial,Finance & Venture Capital,"Bengaluru, India",
Qualcomm,Commercial,Tech,"San Diego, CA, USA",
Qualcomm Ventures,Commercial,Finance & Venture Capital,"San Diego, CA, USA",
Qualtrics,Commercial,Tech,"Provo, UT, USA",
Rajiv Kuchhal,Commercial,Finance & Venture Capital,"Bengaluru, India",
Reach Capital,Commercial,Finance & Venture Capital,"San Francisco, CA, USA",
RedBrick AI,Commercial,Data Work Company,"Delaware, USA",
Redpoint Ventures,Commercial,Finance & Venture Capital,"Menlo Park, CA, USA",
Refex Capital Fund,Commercial,Finance & Venture Capital,"Chennai, India",
Remesh,Commercial,Other,USA,
responsAbility Investments,Commercial,Finance & Venture Capital,"Zurich, Switzerland",
RHS Investments,Commercial,Finance & Venture Capital,"Austin, TX, USA",
Ridge Ventures,Commercial,Finance & Venture Capital,"San Francisco, CA, USA",
Riverside Partners,Commercial,Finance & Venture Capital,"Boston, MA, USA",
Rocketship.vc,Commercial,Finance & Venture Capital,"Los Altos, CA, USA",
RSA Insurance Group,Commercial,Insurance,United Kingdom,
Safe,Commercial,,,Could not find this company
Safran AI,Commercial,Tech,"Paris, France",
Salesforce,Commercial,Tech,USA,
Salesforce Ventures,Commercial,Finance & Venture Capital,"San Francisco, CA, USA",
Sama,Commercial,Data Work Company,"San Francisco, CA, USA",
Samsung NEXT,Commercial,Finance & Venture Capital,"Mountain View, CA, USA",
Sanas,Commercial,Tech,USA,
SAV (Scale Asia Ventures),Commercial,Finance & Venture Capital,"Palo Alto, CA, USA",
Scale,Commercial,,,not sure what company this is; could not find
Scale AI,Commercial,Data Work Company,"San Francisco, CA, USA",
Scribd,Commercial,Tech,"San Francisco, CA, USA",
Segments.ai,Commercial,Data Work Company,"Leuven, Belgium",
Sequoia Capital,Commercial,Finance & Venture Capital,"Menlo Park, CA, USA",
ServiceNow,Commercial,Tech,"Santa Clara, CA, USA",
Siemens Healthineers,Commercial,Healthcare & Pharmaceuticals,"Erlangen, Germany",
SignalRank,Commercial,Finance & Venture Capital,"Palo Alto, CA, USA",
Silo AI,Commercial,Tech,"Helsinki, Finland",
Skill Corner,Commercial,Tech,"Paris, France",
Smith & Nephew,Commercial,Healthcare & Pharmaceuticals,"Watford, England, United Kingdom",
Snorkel AI,Commercial,Data Work Company,"Redwood City, CA, USA",
Snow Leopard Technology Ventures,Commercial,Finance & Venture Capital,"Pune, India",
Snowflake,Commercial,Tech,"Menlo Park, CA, USA",
SO Development,Commercial,Data Work Company,"Tallinn, Estonia",
Sodexo Ventures,Commercial,Finance & Venture Capital,"Issy-les-Moulineaux, France",
SoftBank Vision Fund,Commercial,Finance & Venture Capital,"London, England, United Kingdom",
Solenis,Commercial,Manufacturing & Agriculture,"Milwaukee, WI, USA",
Soma Capital,Commercial,Finance & Venture Capital,"San Francisco, CA, USA",
Sony,Commercial,Retail & Consumer Goods,"Tokyo, Japan",
Sony Innovation Fund,Commercial,Finance & Venture Capital,"Tokyo, Japan",
Sovereign’s Capital,Commercial,Finance & Venture Capital,"Atlanta, GA, USA",
Spare-it,Commercial,Tech,"Somerville, MA, USA",
Spark Capital,Commercial,Finance & Venture Capital,"San Francisco, CA, USA",
Speak,Commercial,Tech,"San Francisco, CA, USA",
Sprinklr,Commercial,Tech,USA,
Sprint Vc,Commercial,Finance & Venture Capital,"Brisbane, Australia",
Stanford Angels and Entrepreneurs of Southern California,Commercial,Finance & Venture Capital,"Stanford, CA, USA",
Stanley Healthcare,Commercial,Healthcare & Pharmaceuticals,"Lincoln, NE, USA",
Staples Promotional Products,Commercial,Retail & Consumer Goods,"Overland Park, KS, USA",
Stena Sessan,Commercial,Finance & Venture Capital,"Stockholm, Sweden",
Stryker,Commercial,Healthcare & Pharmaceuticals,USA,
Substack,Commercial,Media & Entertainment,USA,
Suez,Commercial,Other,"Paris, France",
SuperAnnotate,Commercial,Data Work Company,"San Mateo, CA, USA",
Surge,Commercial,Finance & Venture Capital,Singapore,
Surge AI,Commercial,Data Work Company,"San Franciso, CA, USA",
SV Angel,Commercial,Finance & Venture Capital,"San Francisco, CA, USA",
Swift Ventures,Commercial,Finance & Venture Capital,"Lafayette, CA, USA",
Syngenta,Commercial,Manufacturing & Agriculture,"Basel, Switzerland",
TA Associates,Commercial,Finance & Venture Capital,"Austin, TX, USA",
Taranis,Commercial,Manufacturing & Agriculture,"Westfield, IN, USA",
TaskMonk,Commercial,Tech,"Bengaluru, India",
TaskUs,Commercial,Data Work Company,"Texas, USA",
Tech Mahindra,Commercial,Tech,"Schaumburg, IL, USA",
Techstars,Commercial,Finance & Venture Capital,"New York, NY, USA",
Teleperformance,Commercial,Data Work Company,"Paris, France",
Telus,Commercial,Tech,"Vancouver, Canada",
Temasek Holdings,Commercial,Finance & Venture Capital,Singapore,
TenOneTen Ventures,Commercial,Finance & Venture Capital,"Los Angeles, CA, USA",
Thinscale,Commercial,Tech,Ireland,
Thrive Capital,Commercial,Finance & Venture Capital,"New York, NY, USA",
Tinder,Commercial,Tech,"West Hollywood, CA, USA",
TPG Capital Asia,Commercial,Finance & Venture Capital,"Shanghai, China",
Tredence,Commercial,Data Work Company,"San Jose, CA, USA",
Tribe Capital,Commercial,Finance & Venture Capital,"Menlo Park, CA, USA",
Trillbit,Commercial,Data Work Company,"Boston, Massachusetts, United States",
Turing,Commercial,Data Work Company,"Palo Alto, California, United States",
Twilio,Commercial,Tech,USA,
Twitch,Commercial,Tech,USA,
Twitter,Commercial,Tech,USA,
Uber,Commercial,Tech,"San Francisco, CA, USA",
UiPath,Commercial,Tech,USA,
Unilever,Commercial,Retail & Consumer Goods,"London, England, United Kingdom",
Uniphore,Commercial,Tech,USA,
Unusual Ventures,Commercial,Finance & Venture Capital,"Menlo Park, CA, USA",
Upekkha Vertical AI Accelerator,Commercial,Finance & Venture Capital,"Bengaluru, India",
Upwork,Commercial,Data Work Company,"San Francisco, CA, USA",
Urban AI,Commercial,Other,"Paris, France",
UV EYE,Commercial,Tech,"Teaneck, NJ, USA",
VACE,Commercial,,,
Valiant Peregrine Fund,Commercial,,,
Valor Capital Group,Commercial,Finance & Venture Capital,"New York, NY, USA",
Valor Equity Partners,Commercial,Finance & Venture Capital,"Chicago, IL, USA",
Vanara Capital,Commercial,Finance & Venture Capital,"San Francisco, CA, USA",
VCDE Venture Partners,Commercial,Finance & Venture Capital,"Frankfurt, Germany",
Venture Catalysts,Commercial,Finance & Venture Capital,"Mumbai, India",
VenturEast,Commercial,Finance & Venture Capital,"Bengaluru, India",
Vimeo,Commercial,Tech,"New York, NY, USA",
Vintage Investment Partners,Commercial,Finance & Venture Capital,"Herzliya Pituach, Israel",
Virtual Expo Group,Commercial,Other,"Marseille, France",
Vistara Growth,Commercial,Finance & Venture Capital,"Vancouver, Canada",
Volta Ventures,Commercial,Finance & Venture Capital,"Ghent, Belgium",
Volumental,Commercial,Tech,Sweden,
Vulcan,Commercial,Other,USA,
Walden International,Commercial,Finance & Venture Capital,"San Francisco, CA, USA",
Walmart,Commercial,Retail & Consumer Goods,USA,
Warner Bros,Commercial,Media & Entertainment,USA,
Wavemaker,Commercial,Media & Entertainment,"London, England, United Kingdom",
Wayfair,Commercial,Retail & Consumer Goods,"Boston, MA, USA",
WCM Investment Management,Commercial,Finance & Venture Capital,"Laguna Beach, CA, USA",
Weatherford Capital,Commercial,Finance & Venture Capital,"Tampa, FL, USA",
Wellington Management,Commercial,Finance & Venture Capital,"Boston, MA, USA",
Welocalize ,Commercial,Data Work Company,"New York, NY, USA",
Whisper,Commercial,Tech,"San Francisco, CA, USA",
Winnow Solutions,Commercial,Tech,United Kingdom,
Wolters Kluwer,Commercial,Tech,Netherlands,
X,Commercial,Tech," Bastrop, TX, USA",
xAI,Commercial,Data Work Company,"San Francisco, CA, USA",
Xarvio Digital Farming Solutions,Commercial,Tech,Netherlands,
XXII Group,Commercial,Manufacturing & Agriculture,"Buffalo, NY, USA",
Y Combinator,Commercial,Finance & Venture Capital,"San Francisco, CA, USA",
Yellow.ai,Commercial,Tech,USA,
Zeev Ventures,Commercial,Finance & Venture Capital,"Palo Alto, CA, USA",
Zenarate,Commercial,Tech,USA,
Zetta Venture Partners,Commercial,Finance & Venture Capital,"San Francisco, CA, USA",
Zoom,Commercial,Tech,"San Jose, CA, USA",
Caltech,Academic,Education,USA,
MIT,Academic,Education,"Cambridge, MA, USA",
New York University,Academic,Education,USA,
Stanford University,Academic,Education,USA,
University of California Berkeley,Academic,Education,USA,
University of Maryland,Academic,Education,"College Park, MD, USA",
University of Pennsylvania,Academic,Education,"Philadelphia, PA, USA",
Yale University,Academic,Education,USA,
1Password,Commercial,,,
2.12 Angels,Commercial,Finance & Venture Capital,,
4everland,Commercial,,,
A-Insinöörit,Commercial,,,
A91,Commercial,Finance & Venture Capital,,
ABB,Commercial,,,
ABC Impact,Commercial,Finance & Venture Capital,,
Aboitiz ,Commercial,,,
Accenture,Commercial,Finance & Venture Capital,,
Accutrac Capital Solutions Inc.,Commercial,,,
Acrew Capital,Commercial,Finance & Venture Capital,,
Activ Surgical,Commercial,,,
Activant Capital,Commercial,Finance & Venture Capital,,
ACV Auctions,Commercial,,,
Adam D’Angelo,Commercial,Finance & Venture Capital,,
Addition,Commercial,Finance & Venture Capital,,
Advanced Institute of Convergence Technology,Commercial,,,
Advanced.farm,Commercial,,,
Advent Health Partners,Commercial,,,
AEDIT,Commercial,,,
Aeva Technologies,Commercial,,,
Afore Capital,Commercial,Finance & Venture Capital,,
afreeca tv,Commercial,,,
Afrikwity,Commercial,Finance & Venture Capital,,
Aftershoot,Commercial,,,
AGCO,Commercial,,,
Ai2,Commercial,,,
AIBerry,Commercial,,,
Aidan Gomez,Commercial,Finance & Venture Capital,,
Aigora,Commercial,,,
aiMotive,Commercial,,,
Airbus,Commercial,,,
Ajay Agarwal,Commercial,Finance & Venture Capital,,
Aker Solutions,Commercial,,,
AlgoTherapeutix SAS,Commercial,,,
Allison Pickens,Commercial,Finance & Venture Capital,,
Almond,Commercial,,,
Alstom,Commercial,,,
Alt Capital,Commercial,Finance & Venture Capital,,
Altris AI,Commercial,,,
Amazon Mechanical Turk,Commercial,,,
AMD Ventures,Commercial,Finance & Venture Capital,,
American Ancestors,Commercial,,,
American Family Insurance,Commercial,,,
American Woodmark,Commercial,,,
Amiti Ventures,Commercial,Finance & Venture Capital,,
Amjad Masad,Commercial,Finance & Venture Capital,,
Anari,Commercial,,,
Anduril,Commercial,,,
Aneesh Chopra,Commercial,Finance & Venture Capital,,
Anheuser-Busch,Commercial,,,
Annalise.ai,Commercial,,,
Antler India ,Commercial,Finance & Venture Capital,,
AOS Data,Commercial,,,
Applied Compute,Commercial,,,
Arcee,Commercial,,,
Argonautic Ventures,Commercial,Finance & Venture Capital,,
Armored Things,Commercial,,,
Ascend.io,Commercial,,,
Asensus Surgical,Commercial,,,
Asher Orion,Commercial,,,
Ashley FDE,Commercial,,,
Ashok Leyland,Commercial,,,
Asklepion Pharmaceuticals,Commercial,,,
Aston Martin Aramco Formula One™ Team,Commercial,,,
Ativion,Commercial,,,
Audi ,Commercial,,,
AudioStack,Commercial,,,
Auriel Wright,Commercial,Finance & Venture Capital,,
Autoblocks AI,Commercial,,,
Autodesk,Commercial,,,
"Autodesk, Inc.",Commercial,,,
Automotive Research Association of India,Commercial,,,
AVL,Commercial,,,
Avride,Commercial,,,
Awaaz AI,Commercial,,,
AWS,Commercial,,,
Axa,Commercial,,,
Axion Biosystems,Commercial,,,
Ayadata,Commercial,,,
b-rayZ,Commercial,,,
Bae Systems,Commercial,,,
Bain & Company,Commercial,Finance & Venture Capital,,
Bain Capital Ventures,Commercial,Finance & Venture Capital,,
Bajaj Finserv,Commercial,,,
Balkonser,Commercial,,,
Baron Capital Group,Commercial,Finance & Venture Capital,,
Barry McCardel,Commercial,Finance & Venture Capital,,
Base 10 Partners,Commercial,Finance & Venture Capital,,
Bayada,Commercial,,,
BayWa,Commercial,,,
BCforward,Commercial,,,
Bear Flag Robotics,Commercial,,,
Bearwith,Commercial,,,
BeMyEye,Commercial,,,
Benchmark,Commercial,Finance & Venture Capital,,
Benchmark Capital Partners,Commercial,Finance & Venture Capital,,
Beringea,Commercial,Finance & Venture Capital,,
Bestseller Foundation,Commercial,Finance & Venture Capital,,
Bewater ,Commercial,Finance & Venture Capital,,
Bezos Expeditions,Commercial,Finance & Venture Capital,,
BFR Systems,Commercial,,,
BHASHINI,Commercial,,,
BIC,Commercial,,,
Big Pearl,Commercial,,,
Bill.com,Commercial,,,
BioticsAI,Commercial,,,
Birds.ai,Commercial,,,
Bitsensing,Commercial,,,
Bloomfield Robotics,Commercial,,,
Blue River Technology,Commercial,,,
Blue Sky Carbon,Commercial,,,
Bluecrest Limited Capital,Commercial,Finance & Venture Capital,,
Blueprint Pro AI,Commercial,,,
BlueVine,Commercial,,,
BMW Group,Commercial,,,
BN Industry,Commercial,,,
BNSF,Commercial,,,
Bob van Luijt,Commercial,,,
Boehringer Ingelheim,Commercial,,,
Bombora,Commercial,,,
boomi,Commercial,,,
Box,Commercial,,,
Box Group,Commercial,Finance & Venture Capital,,
Brown University,Commercial,,,
BT Properties,Commercial,,,
Buildon Galaxy,Commercial,,,
Bupa Hong Kong,Commercial,,,
BY Ventures,Commercial,Finance & Venture Capital,,
c3.ai,Commercial,,,
Cabana,Commercial,,,
Cabinet Roux,Commercial,,,
Caixa Capital Risc,Commercial,Finance & Venture Capital,,
Calm,Commercial,,,
Calvin French-Owen,Commercial,Finance & Venture Capital,,
Cambridge Health Alliance,Commercial,,,
Canon,Commercial,,,
Canoo,Commercial,,,
Capgemini,Commercial,,,
Capital Square Partners,Commercial,Finance & Venture Capital,,
Caption Health,Commercial,,,
Cardiologs,Commercial,,,
Carestream Dental,Commercial,,,
Carta Healthcare,Commercial,,,
Cassidy Williams,Commercial,Finance & Venture Capital,,
Caterpillar Inc.,Commercial,,,
Celonis,Commercial,,,
CenturyPly,Commercial,,,
Cerebras,Commercial,,,
Ceros,Commercial,,,
Cervi,Commercial,,,
CETIM,Commercial,,,
Charles Schwab,Commercial,,,
Charlotte Hornets,Commercial,,,
Checkr,Commercial,,,
Cheongju University,Commercial,,,
Chet Kapoor,Commercial,Finance & Venture Capital,,
Christian Szegedy,Commercial,Finance & Venture Capital,,
Circus Company,Commercial,,,
Cisco,Commercial,Finance & Venture Capital,,
Cisco Investments,Commercial,Finance & Venture Capital,,
Clay,Commercial,,,
Clova,Commercial,,,
Coalition for Epidemic Preparedness Innovations,Commercial,,,
Coconote,Commercial,,,
Cognism,Commercial,,,
Cognizant,Commercial,,,
Comcast Ventures,Commercial,Finance & Venture Capital,,
Common Room,Commercial,,,
Community Brands,Commercial,,,
CompanionLabs,Commercial,,,
Companyon Ventures,Commercial,Finance & Venture Capital,,
Computer Associates,Commercial,,,
Comscore,Commercial,,,
Condé Nast,Commercial,,,
Conigital,Commercial,,,
Connected Women,Commercial,,,
Consensus,Commercial,,,
Consti,Commercial,,,
ConstructConnect,Commercial,,,
Continental,Commercial,,,
Conviction Capital,Commercial,Finance & Venture Capital,,
Cooley,Commercial,Finance & Venture Capital,,
CoorsTek,Commercial,,,
Cory Levy,Commercial,Finance & Venture Capital,,
Coupang,Commercial,,,
CPP Investments,Commercial,Finance & Venture Capital,,
Craft Ventures,Commercial,Finance & Venture Capital,,
CrowdReason,Commercial,,,
CrowdStrike,Commercial,,,
Cruise Automation,Commercial,,,
Cubox,Commercial,,,
Cummins,Commercial,,,
CVTA,Commercial,,,
Cyan Banister,Commercial,Finance & Venture Capital,,
Daimler Truck,Commercial,,,
Dalus Capital,Commercial,Finance & Venture Capital,,
DAMAC Group,Commercial,,,
Damco,Commercial,,,
Dan Westgarth,Commercial,Finance & Venture Capital,,
Dandelion,Commercial,,,
Daniel Gross,Commercial,Finance & Venture Capital,,
Danu ,Commercial,,,
Darkhorse.AI,Commercial,,,
Dashmap,Commercial,,,
Databricks Ventures,Commercial,Finance & Venture Capital,,
DataDog,Commercial,,,
Datamaran,Commercial,,,
DATEV,Commercial,,,
Decagon,Commercial,,,
Decentriq,Commercial,,,
Dedalus,Commercial,,,
Deep Sentinel,Commercial,,,
Deepc,Commercial,,,
Deepen,Commercial,,,
Deeptek,Commercial,,,
Deepwater Asset Management,Commercial,Finance & Venture Capital,,
DELETE,Commercial,,,
Dell,Commercial,,,
Denso,Commercial,,,
Dentium,Commercial,,,
Denvr Dataworks,Commercial,,,
Deque,Commercial,,,
Dialpad,Commercial,,,
Digital Green,Commercial,,,
DinGo,Commercial,,,
Disney,Commercial,,,
Disney Advertising,Commercial,,,
Div Garg,Commercial,Finance & Venture Capital,,
DJ Patil,Commercial,Finance & Venture Capital,,
DLA Piper,Commercial,,,
DocuSign,Commercial,,,
Douwe Kiela,Commercial,Finance & Venture Capital,,
Dr. Agarwal's Eye Hospital,Commercial,,,
Dream Ventures,Commercial,Finance & Venture Capital,,
Drew Houston,Commercial,Finance & Venture Capital,,
Drive.ai,Commercial,,,
DroneDeploy,Commercial,,,
Dropbox,Commercial,,,
DST Global Partners,Commercial,Finance & Venture Capital,,
DXOMARK ,Commercial,,,
Dynamic Loop Capital,Commercial,Finance & Venture Capital,,
Eagle Eye,Commercial,,,
Edelman,Commercial,,,
EDP Ventures,Commercial,Finance & Venture Capital,,
Eight Sleep,Commercial,,,
Einride,Commercial,,,
Eko,Commercial,,,
Elad Gil,Commercial,Finance & Venture Capital,,
Elastic,Commercial,,,
Elbit Systems,Commercial,,,
Elektrobit,Commercial,,,
Elevate Ventures,Commercial,Finance & Venture Capital,,
Eli Lilly,Commercial,,,
Elsevier,Commercial,,,
Ema,Commercial,,,
Embotech,Commercial,,,
Emerge Ventures,Commercial,Finance & Venture Capital,,
Enago,Commercial,,,
Enel Group,Commercial,,,
Enlitic,Commercial,,,
Epic Games,Commercial,,,
ERIKS,Commercial,,,
Ernström & Co,Commercial,Finance & Venture Capital,,
ESPN,Commercial,,,
Etex,Commercial,,,
ETRI,Commercial,,,
Etsy,Commercial,,,
Evan Sharp,Commercial,Finance & Venture Capital,,
Eve,Commercial,,,
Everfriends.AI,Commercial,,,
Evolution Equity,Commercial,Finance & Venture Capital,,
Experian,Commercial,,,
Factory,Commercial,Finance & Venture Capital,,
Fathom Capital,Commercial,Finance & Venture Capital,,
Felicis Ventures,Commercial,Finance & Venture Capital,,
Fidelity Management & Research Company,Commercial,Finance & Venture Capital,,
Fidi,Commercial,,,
Finalcad,Commercial,,,
Finch,Commercial,,,
Finnish Criminal Sanctions Office,Commercial,,,
First Source,Commercial,,,
FJ Labs,Commercial,Finance & Venture Capital,,
Flagstar Bank,Commercial,,,
Fletcher Sports,Commercial,,,
FLIR Systems,Commercial,,,
Flo Health,Commercial,,,
Flo Sports,Commercial,,,
FloVision,Commercial,,,
Fondazione per la Medicina Personalizzata,Commercial,,,
Foresight Health Solutions,Commercial,,,
Forest Systems ,Commercial,,,
Fort Ross Ventures,Commercial,Finance & Venture Capital,,
Fortissimo Capital,Commercial,Finance & Venture Capital,,
Fortius Ventures,Commercial,Finance & Venture Capital,,
Fortum,Commercial,,,
Foundation Capital,Commercial,Finance & Venture Capital,,
Four,Commercial,,,
Framework Ventures,Commercial,Finance & Venture Capital,,
Fredrik Löfberg,Commercial,Finance & Venture Capital,,
Freestyle VC,Commercial,Finance & Venture Capital,,
Frontier Ventures,Commercial,Finance & Venture Capital,,
Frontline,Commercial,Finance & Venture Capital,,
Fyusion,Commercial,,,
G3 Lasers,Commercial,,,
Gabriel Peterson,Commercial,Finance & Venture Capital,,
GADC,Commercial,,,
GAF,Commercial,,,
Gates Foundation,Commercial,,,
Gatik,Commercial,,,
GE  ,Commercial,,,
GE 32 Capital,Commercial,Finance & Venture Capital,,
Geberit,Commercial,,,
General Motors,Commercial,,,
Gentle Monster,Commercial,,,
Geoffrey Hinton,Commercial,Finance & Venture Capital,,
GeoNOVA,Commercial,,,
Getty Images,Commercial,,,
GGV Capital,Commercial,Finance & Venture Capital,,
Gilead Sciences,Commercial,,,
Giphy ,Commercial,,,
GlassesUSA.com,Commercial,,,
Global Atlantic Financial Group,Commercial,,,
Global Founders Capital,Commercial,Finance & Venture Capital,,
Globespan Capital Partners,Commercial,Finance & Venture Capital,,
Glynn Capital,Commercial,Finance & Venture Capital,,
Gokul Rajaram,Commercial,Finance & Venture Capital,,
Good Growth Capital,Commercial,Finance & Venture Capital,,
GoodData,Commercial,,,
Google for Startups ,Commercial,Finance & Venture Capital,,
Government of Qatar,Commercial,,,
Government of the United Kingdom,Commercial,,,
Gradient Health,Commercial,,,
Gradient Ventures,Commercial,Finance & Venture Capital,,
Granite Asia,Commercial,Finance & Venture Capital,,
Great North Ventures,Commercial,Finance & Venture Capital,,
Greenoaks,Commercial,Finance & Venture Capital,,
Greenzie,Commercial,,,
Greg Brockman,Commercial,Finance & Venture Capital,,
Greylock,Commercial,Finance & Venture Capital,,
Groove X,Commercial,,,
Groq,Commercial,,,
Ground Game,Commercial,Finance & Venture Capital,,
Guerbet,Commercial,,,
Guillermo Rauch,Commercial,Finance & Venture Capital,,
GumGum,Commercial,,,
Gundersen Health System,Commercial,Finance & Venture Capital,,
GV,Commercial,Finance & Venture Capital,,
Hanwha Investment & Securities,Commercial,Finance & Venture Capital,,
Hanwha Systems,Commercial,,,
Harpoon,Commercial,Finance & Venture Capital,,
Harrison Chase,Commercial,,,
Harry Hurst,Commercial,Finance & Venture Capital,,
Hashkey,Commercial,Finance & Venture Capital,,
Headway,Commercial,,,
Helm.ai,Commercial,,,
Heran Partners,Commercial,Finance & Venture Capital,,
Hermes GPE,Commercial,Finance & Venture Capital,,
Hewlett Packard Enterprise,Commercial,Finance & Venture Capital,,
HFS Research,Commercial,,,
Hivemind,Commercial,,,
HNVR,Commercial,Finance & Venture Capital,,
HOF Capital,Commercial,Finance & Venture Capital,,
Home Depot,Commercial,,,
Hopstack Inc,Commercial,,,
Howard Hughes Holdings,Commercial,,,
HPE Pathfinder,Commercial,Finance & Venture Capital,,
hpy,Commercial,,,
Huawei Cloud,Commercial,,,
Humanode,Commercial,,,
Hurrikaanit,Commercial,,,
Hydrolix,Commercial,,,
Hyundai,Commercial,,,
IBAU,Commercial,,,
IBM Ventures,Commercial,Finance & Venture Capital,,
Ibotta,Commercial,,,
ICICI Bank,Commercial,,,
IDFC First Bank,Commercial,,,
IFC Venture Capital Group,Commercial,Finance & Venture Capital,,
iFit,Commercial,,,
iHerb,Commercial,,,
Image Biopsy Lab,Commercial,,,
Imbio,Commercial,,,
In-Q-Tel,Commercial,Finance & Venture Capital,,
Inception,Commercial,,,
Inception Point,Commercial,,,
Indeed,Commercial,,,
Index Ventures,Commercial,Finance & Venture Capital,,
Indian Institute of Science,Commercial,,,
InfAI,Commercial,,,
injoy,Commercial,,,
Innolitics,Commercial,,,
Insurtech Capital,Commercial,Finance & Venture Capital,,
Intel,Commercial,,,
IntelinAir,Commercial,,,
IntelliVix,Commercial,,,
Interius Farms,Commercial,,,
Interview Optimiser,Commercial,,,
Intuit,Commercial,,,
Intuition Robotics,Commercial,,,
Intuitive,Commercial,,,
Intuitive Ventures,Commercial,Finance & Venture Capital,,
Invenshure,Commercial,Finance & Venture Capital,,
Invisible AI,Commercial,,,
IPG,Commercial,,,
Iris Insights,Commercial,,,
IronFire Ventures,Commercial,Finance & Venture Capital,,
ironSource,Commercial,,,
iSelect,Commercial,Finance & Venture Capital,,
Ivan Zhang,Commercial,Finance & Venture Capital,,
Jack Altman,Commercial,Finance & Venture Capital,,
Jack Dorsey,Commercial,Finance & Venture Capital,,
Jaineo Avishk Singhi Capital Finance,Commercial,Finance & Venture Capital,,
Jammy Chat,Commercial,,,
Jari Paakkarinen,Commercial,Finance & Venture Capital,,
Jascha Sohl-Dickstein,Commercial,Finance & Venture Capital,,
Jeff Dean,Commercial,Finance & Venture Capital,,
Jeff Morris,Commercial,Finance & Venture Capital,,
Jericho Capital,Commercial,Finance & Venture Capital,,
JetBrains,Commercial,,,
"JG Summit Holdings, Inc.",Commercial,,,
JLR,Commercial,,,
John Deere,Commercial,,,
John Smedley,Commercial,,,
Johnson & Johnson,Commercial,,,
Jonathan Frankle,Commercial,Finance & Venture Capital,,
Josh Lefkowitz,Commercial,,,
Joshua Browder ,Commercial,Finance & Venture Capital,,
Journee,Commercial,,,
JSR Corporation,Commercial,Finance & Venture Capital,,
Julkisivukonsultointi JK Oy,Commercial,,,
Justin Kan,Commercial,Finance & Venture Capital,,
Kasisto,Commercial,,,
Kattotutka,Commercial,,,
KBC Group,Commercial,,,
Kevin Systrom,Commercial,Finance & Venture Capital,,
Key Investments,Commercial,Finance & Venture Capital,,
Khazanah Nasional Berhad,Commercial,Finance & Venture Capital,,
KinaTrax,Commercial,,,
King’s College London,Commercial,,,
Kingdom Holding Company ,Commercial,Finance & Venture Capital,,
Kitware,Commercial,,,
Kiveda,Commercial,,,
Knockri,Commercial,,,
Knowles Corporation,Commercial,,,
Kodiak,Commercial,,,
Kohler,Commercial,,,
Körber,Commercial,,,
Korea Asset Investment & Securities,Commercial,Finance & Venture Capital,,
Korea Electronics Technology Institute,Commercial,,,
Korechi,Commercial,,,
Krea University,Commercial,,,
Krevera,Commercial,,,
Krutrim,Commercial,,,
Kustomer,Commercial,,,
Kwantis,Commercial,,,
L Box,Commercial,,,
L'Oréal,Commercial,,,
L2,Commercial,Finance & Venture Capital,,
Lambda School,Commercial,,,
Laon People,Commercial,,,
Larry Summers,Commercial,Finance & Venture Capital,,
Latitude,Commercial,,,
Launch,Commercial,Finance & Venture Capital,,
LegalTech,Commercial,,,
LELO,Commercial,,,
Lemlist,Commercial,,,
Leyton,Commercial,,,
LG Technology Ventures,Commercial,Finance & Venture Capital,,
Liberty Mutual,Commercial,,,
Lightricks,Commercial,,,
Lightsource Research,Commercial,,,
Lindbergh Schools,Commercial,,,
Lineage Inc,Commercial,,,
Lista DAO,Commercial,,,
Loacker,Commercial,,,
Loimua,Commercial,,,
Loomba Group,Commercial,,,
Lorenzo,Commercial,,,
Louhintahiekka,Commercial,,,
Lucem Health,Commercial,,,
Lufthansa,Commercial,,,
Luno,Commercial,,,
Luxonis,Commercial,,,
Lyft,Commercial,,,
Madrona,Commercial,Finance & Venture Capital,,
Majlis Advisory,Commercial,Finance & Venture Capital,,
Maltem Consulting Group,Commercial,Finance & Venture Capital,,
Mango Capital,Commercial,Finance & Venture Capital,,
ManoMano,Commercial,,,
ManoMotion,Commercial,,,
Markets EQ,Commercial,,,
MARSS,Commercial,,,
Mass General Brigham,Commercial,,,
Mastodon Capital Management,Commercial,Finance & Venture Capital,,
Matrix,Commercial,Finance & Venture Capital,,
Max Altman,Commercial,Finance & Venture Capital,,
Mayfair Concierge,Commercial,,,
Mayo Clinic,Commercial,,,
McAfee,Commercial,,,
McDonald's Corporation,Commercial,,,
Mead Johnson Nutrition,Commercial,,,
Median,Commercial,,,
Median Technologies,Commercial,,,
Mediazen,Commercial,,,
Meesho,Commercial,,,
Melio,Commercial,,,
Merchants Fleet,Commercial,,,
Meritech,Commercial,Finance & Venture Capital,,
MGX,Commercial,Finance & Venture Capital,,
Midcentury,Commercial,,,
Mike Krieger ,Commercial,Finance & Venture Capital,,
Mike Maples,Commercial,Finance & Venture Capital,,
Mikhail Parakhin,Commercial,Finance & Venture Capital,,
Milvue,Commercial,,,
mimik,Commercial,,,
Mindset Ventures,Commercial,Finance & Venture Capital,,
Mint Medical,Commercial,,,
Minus Zero ,Commercial,,,
Mira Technology Park,Commercial,,,
Mitsubishi,Commercial,,,
MNB Kitchen,Commercial,,,
Mobot,Commercial,,,
Modality.ai ,Commercial,,,
Monday,Commercial,,,
MongoDB,Commercial,,,
MongoDB Ventures,Commercial,,,
Monk,Commercial,,,
MoodMetrics AI,Commercial,,,
Moonvalley,Commercial,,,
Morgan Stanley,Commercial,Finance & Venture Capital,,
Moroccan Oil,Commercial,,,
Mostyn Investments (Mauritius) Ltd,Commercial,Finance & Venture Capital,,
Motives,Commercial,,,
Motley Fool Ventures,Commercial,Finance & Venture Capital,,
Move.AI,Commercial,,,
MTIP,Commercial,Finance & Venture Capital,,
MVP Ventures,Commercial,Finance & Venture Capital,,
My Heritage,Commercial,,,
My SeedCap,Commercial,Finance & Venture Capital,,
N47,Commercial,Finance & Venture Capital,,
namR,Commercial,,,
Nancy AI,Commercial,,,
Nas Daily,Commercial,,,
NASA JPL,Commercial,,,
Nasdaq,Commercial,,,
National Institute of Mental Health ,Commercial,,,
National Institutes of Health,Commercial,,,
National Payments Corporation of India,Commercial,,,
Naveen Rao,Commercial,Finance & Venture Capital,,
Naver,Commercial,,,
Nayya,Commercial,,,
NBC,Commercial,,,
NBC Universal,Commercial,,,
Nepenthe Capital,Commercial,Finance & Venture Capital,,
Nestle,Commercial,,,
Neulanen,Commercial,,,
New Computer,Commercial,,,
NI (National Instruments,Commercial,,,
Niantic,Commercial,,,
Nice,Commercial,,,
Nick Candito,Commercial,Finance & Venture Capital,,
Nightfall AI,Commercial,,,
Nippon Paint,Commercial,,,
Niqo Robotics,Commercial,,,
Nissan,Commercial,,,
Nokia,Commercial,,,
Northwell Health,Commercial,,,
Northwell Holdings,Commercial,Finance & Venture Capital,,
Novalis Lifesciences,Commercial,Finance & Venture Capital,,
Novartis,Commercial,Finance & Venture Capital,,
Nuro,Commercial,,,
nuTonomy,Commercial,,,
Nuvia,Commercial,,,
NVentures,Commercial,Finance & Venture Capital,,
Objectways,Commercial,,,
Observe AI,Commercial,,,
Odeon Capital Group,Commercial,Finance & Venture Capital,,
OdySight,Commercial,,,
Ogilvy,Commercial,,,
Ohi Tech,Commercial,,,
Olea Medical,Commercial,,,
Omega,Commercial,Finance & Venture Capital,,
Omidyar Network,Commercial,Finance & Venture Capital,,
OMRON,Commercial,,,
OneCup,Commercial,,,
Onepanel,Commercial,,,
ONET Technologies,Commercial,,,
Ontario Brain Institute,Commercial,,,
Ontra,Commercial,,,
Ooyala,Commercial,,,
Oracle,Commercial,,,
Orbem,Commercial,,,
Orbital Insight,Commercial,,,
Orpak,Commercial,,,
Otis,Commercial,,,
OTIV,Commercial,,,
Otto,Commercial,,,
Otto Motors,Commercial,,,
Ouster,Commercial,,,
Outcomes ,Commercial,,,
Outreach,Commercial,,,
Outrider,Commercial,,,
Outset,Commercial,,,
Outset Capital,Commercial,Finance & Venture Capital,,
Outsight,Commercial,,,
Oxa,Commercial,,,
P&G,Commercial,,,
Packworks,Commercial,,,
Paige,Commercial,,,
Panther,Commercial,,,
Papago,Commercial,,,
Paramount,Commercial,,,
Pareto Holdings,Commercial,Finance & Venture Capital,,
Parloa,Commercial,,,
ParrotPrep.AI,Commercial,,,
Payoneer,Commercial,,,
Paypal,Commercial,,,
Peer Robotics,Commercial,,,
Peer VC,Commercial,Finance & Venture Capital,,
Pegasystems Inc.,Commercial,,,
Pella,Commercial,,,
Pellenc ST,Commercial,,,
Peloton,Commercial,,,
Pentara Corporation,Commercial,,,
PepsiCo,Commercial,,,
Perceptly,Commercial,,,
Percepto,Commercial,,,
Perfect World,Commercial,,,
Peter Thiel,Commercial,Finance & Venture Capital,,
Pfizer,Commercial,,,
Phantom AI,Commercial,,,
Philips,Commercial,,,
Picsellia,Commercial,,,
Pinecone,Commercial,,,
PINTEL,Commercial,,,
Pinterest,Commercial,,,
Pixellot,Commercial,,,
Pixxel,Commercial,,,
Play Time Ventures,Commercial,Finance & Venture Capital,,
PlayTech,Commercial,,,
PlayVision,Commercial,,,
PLDT,Commercial,,,
Plume,Commercial,,,
PolyPerception,Commercial,,,
PostgreSQL,Commercial,,,
Prairie Robotics,Commercial,,,
Precision AI,Commercial,,,
Preferred Networks,Commercial,,,
Preligens,Commercial,,,
"Premier, Inc.",Commercial,,,
Prenuvo,Commercial,,,
PressMaster,Commercial,,,
"Priimamaalaus Oy
",Commercial,,,
Princeville Capital,Commercial,Finance & Venture Capital,,
Priority,Commercial,,,
Prosperity 7 Ventures,Commercial,Finance & Venture Capital,,
Prosus Ventures,Commercial,Finance & Venture Capital,,
Protagonist,Commercial,Finance & Venture Capital,,
Protege,Commercial,,,
Proxy,Commercial,,,
Public Record Office Victoria (PROV),Commercial,,,
Puma,Commercial,,,
Qatar Investment Authority,Commercial,Finance & Venture Capital,,
Quantum Surgical,Commercial,,,
Quantum.AI,Commercial,,,
Quello,Commercial,,,
Quiet Capital,Commercial,Finance & Venture Capital,,
Quinag Bidco Ltd,Commercial,Finance & Venture Capital,,
Quiq,Commercial,,,
Qure.ai,Commercial,,,
Radical Ventures,Commercial,Finance & Venture Capital,,
Radiomics,Commercial,,,
RapidAI,Commercial,,,
Reactive Reality,Commercial,,,
Readii,Commercial,,,
Reale Group,Commercial,,,
Reality Defender,Commercial,,,
Ream,Commercial,,,
Recraft,Commercial,,,
Red Bull,Commercial,,,
Red Games,Commercial,,,
Reddit,Commercial,,,
Reliance Industries Limited,Commercial,,,
REM People,Commercial,,,
Remedy Logic,Commercial,,,
Revelum,Commercial,,,
RF,Commercial,,,
Rivian,Commercial,,,
Roark,Commercial,,,
Robinhood Ventures,Commercial,Finance & Venture Capital,,
Rocket Companies,Commercial,,,
Rocketeer Management,Commercial,Finance & Venture Capital,,
RoleMapper,Commercial,,,
Ronnie Screwvala,Commercial,Finance & Venture Capital,,
Royal Navy,Commercial,,,
RT Moore,Commercial,,,
Rubrik,Commercial,,,
Runa Capital,Commercial,Finance & Venture Capital,,
Runway,Commercial,,,
S&S Investment,Commercial,Finance & Venture Capital,,
Saint-Gobain,Commercial,,,
Salesforge,Commercial,,,
Salvatore Ferragamo,Commercial,,,
Sam Altman,Commercial,Finance & Venture Capital,,
Sambanova,Commercial,,,
Samsara,Commercial,,,
Samsung,Commercial,,,
Sandeep Singhal,Commercial,Finance & Venture Capital,,
Sanro Health,Commercial,,,
SAP,Commercial,,,
Satcen,Commercial,,,
Satisfai Health,Commercial,,,
Savings.com,Commercial,,,
SBB CFF FFS,Commercial,,,
SBI Mutual Fund,Commercial,,,
Scatter Lab,Commercial,,,
SciBite,Commercial,,,
Science Applications International Corporation (SAIC),Commercial,,,
Scortex,Commercial,,,
Scott Sandell,Commercial,Finance & Venture Capital,,
Scoutbee,Commercial,,,
Scythe,Commercial,,,
Sea Machines,Commercial,,,
Seabed VC,Commercial,Finance & Venture Capital,,
See Tree,Commercial,,,
Seedtag,Commercial,,,
Seek Capital,Commercial,Finance & Venture Capital,,
Segmed,Commercial,,,
Semalytix,Commercial,,,
Semapa Next,Commercial,Finance & Venture Capital,,
Sensi.AI,Commercial,,,
Sentera,Commercial,,,
Seoul Robotics,Commercial,,,
Seraph,Commercial,Finance & Venture Capital,,
Service Pack,Commercial,,,
ServiceNow Ventures,Commercial,Finance & Venture Capital,,
SG Growth Partners,Commercial,Finance & Venture Capital,,
SGS Digicomply,Commercial,,,
Shai Dekel,Commercial,Finance & Venture Capital,,
Shaip,Commercial,,,
Sharewise,Commercial,,,
Sharper Shape,Commercial,,,
SheerID,Commercial,,,
Shelby Heinecke,Commercial,Finance & Venture Capital,,
Shield Capital,Commercial,,,
Shopify,Commercial,,,
Shore Capital Partners,Commercial,,,
Shutterstock,Commercial,,,
Shyamal Hitesh Anadkat,Commercial,Finance & Venture Capital,,
Siemens,Commercial,,,
Sigma Partners,Commercial,Finance & Venture Capital,,
SignalFire,Commercial,Finance & Venture Capital,,
Silicon Bridge,Commercial,,,
Simply,Commercial,,,
SK Telecom,Commercial,,,
Skaala,Commercial,,,
Skydio,Commercial,,,
SkyFi,Commercial,,,
Slope Agency,Commercial,Finance & Venture Capital,,
SM Investments,Commercial,Finance & Venture Capital,,
Smart Radar System,Commercial,,,
SmartestEnergy,Commercial,,,
smartmicro,Commercial,,,
Smith Nephew,Commercial,,,
Snowpoint Ventures,Commercial,Finance & Venture Capital,,
SOCAR,Commercial,,,
Social Impact Ventures,Commercial,Finance & Venture Capital,,
Social Sweethearts,Commercial,,,
Socium Ventures,Commercial,Finance & Venture Capital,,
Softstone,Commercial,,,
SoGal Ventures,Commercial,Finance & Venture Capital,,
Solidus AI Tech,Commercial,,,
Soligest,Commercial,,,
Sony Music,Commercial,,,
Soundcloud,Commercial,,,
SourceWhale,Commercial,,,
Sozo Ventures,Commercial,Finance & Venture Capital,,
Spacept,Commercial,,,
Spatial,Commercial,,,
Spike Ventures,Commercial,Finance & Venture Capital,,
Spimed-AI,Commercial,,,
Spin A Web,Commercial,,,
Spocado,Commercial,,,
Spoken,Commercial,,,
SpoofSense,Commercial,,,
Sportlogiq,Commercial,,,
SpotAI,Commercial,,,
Spotify,Commercial,,,
Sprout Solutions,Commercial,,,
Squarespace,Commercial,,,
SSG.com,Commercial,,,
ST Engineering,Commercial,,,
Stables,Commercial,,,
Standard AI ,Commercial,,,
Stanford,Commercial,,,
Stanford Brain Stimulation Lab,Commercial,,,
State of Texas,Commercial,,,
Stepstone Group,Commercial,Finance & Venture Capital,,
Stimuler,Commercial,,,
Stone Bridge Ventures,Commercial,Finance & Venture Capital,,
StradVision,Commercial,,,
Strava,Commercial,,,
Streetspotr,Commercial,,,
Striveworks,Commercial,,,
Studio G,Commercial,,,
Sukitusvalvonta,Commercial,,,
Sun,Commercial,,,
Suno,Commercial,,,
Superb AI,Commercial,,,
Superset,Commercial,,,
SuperSmart,Commercial,,,
SureHire,Commercial,,,
SURGAR (Surgical Augmented Reality) ,Commercial,,,
Surge (Sequoia India),Commercial,Finance & Venture Capital,,
Susa,Commercial,Finance & Venture Capital,,
Susquehanna,Commercial,Finance & Venture Capital,,
SVA,Commercial,Finance & Venture Capital,,
Sweco,Commercial,,,
Swift,Commercial,,,
Swiss Gear,Commercial,,,
Symantec,Commercial,,,
Synthesia,Commercial,,,
Sysnav,Commercial,,,
Systems Nakashima,Commercial,,,
T-Mobile,Commercial,,,
T. Rowe Price,Commercial,Finance & Venture Capital,,
Taboola,Commercial,,,
TAFE (Tractors and Farm Equipment Limited),Commercial,,,
TAFE Motors and Tractors Limited,Commercial,,,
TalkingPoints,Commercial,,,
Tallwoods Capital,Commercial,Finance & Venture Capital,,
Tata AIA Life Insurance,Commercial,,,
Tata Motors,Commercial,,,
Telespazio,Commercial,,,
Tencent,Commercial,,,
Tennis Point,Commercial,,,
teradata,Commercial,,,
TERMEX,Commercial,,,
Terumo,Commercial,,,
Tess Ventures,Commercial,Finance & Venture Capital,,
Textron Aviation,Commercial,,,
The Collective Intelligence Project ,Commercial,,,
The Field Museum,Commercial,,,
The Marcy Lab School,Commercial,,,
The University of Oxford,Commercial,,,
The University of Texas Medical Branch,Commercial,,,
The/Nudge Foundation,Commercial,Finance & Venture Capital,,
Thiel Fellow,Commercial,,,
Thomson Reuters,Commercial,,,
Thordrive,Commercial,,,
Thumos Care,Commercial,,,
Tier IV,Commercial,,,
Tiger Global Management,Commercial,Finance & Venture Capital,,
TIME Magazine,Commercial,,,
Tomales Bay Capital,Commercial,Finance & Venture Capital,,
Tone AI,Commercial,,,
Toshiba,Commercial,,,
Toss Investment,Commercial,Finance & Venture Capital,,
Toyota,Commercial,,,
Travel and Leisure Co.,Commercial,,,
Travelport,Commercial,,,
Travis May,Commercial,Finance & Venture Capital,,
Trax,Commercial,,,
Trello,Commercial,,,
Tribe Dynamics,Commercial,,,
TripAdvisor,Commercial,,,
Trivago,Commercial,,,
Truvian,Commercial,,,
Turku Energia,Commercial,,,
Turner Door,Commercial,,,
Turvatalo,Commercial,,,
Twelve Labs,Commercial,,,
Twiggle,Commercial,,,
Typeface,Commercial,,,
Ubisoft,Commercial,,,
Ujjivan,Commercial,,,
Ulteig,Commercial,,,
Unbotify,Commercial,,,
Unidata,Commercial,,,
Union Square Ventures,Commercial,Finance & Venture Capital,,
UnionBank of the Philippines,Commercial,,,
Universal Robots,Commercial,,,
University Hospital Basel (TotalSegmentator),Commercial,,,
"University of California, San Francisco",Commercial,,,
University of Missouri - St. Louis,Commercial,,,
University of Southern California,Commercial,,,
University of Washington,Commercial,,,
University of Wisconsin-Madison,Commercial,,,
University of Zurich,Commercial,,,
Untold,Commercial,,,
Upekkha,Commercial,,,
Uphonest Capital,Commercial,Finance & Venture Capital,,
Upsource by Solutions,Commercial,,,
Upstage,Commercial,,,
US Department of Defense,Commercial,,,
USG,Commercial,,,
Vantor (formerly Maxar Intelligence),Commercial,,,
Vapi,Commercial,,,
Väriset,Commercial,,,
Velsera,Commercial,,,
Venbrook,Commercial,,,
Venture Field,Commercial,Finance & Venture Capital,,
Verily,Commercial,,,
Verizon,Commercial,,,
Vevo,Commercial,,,
Vicomtech,Commercial,,,
Viewmagine,Commercial,,,
Vieworks,Commercial,,,
VillageMD,Commercial,,,
Vimaan,Commercial,,,
Virtue AI,Commercial,,,
VirtuSense,Commercial,,,
Visa,Commercial,Finance & Venture Capital,,
Vivek Ranadivé,Commercial,Finance & Venture Capital,,
VM Financial Services,Commercial,Finance & Venture Capital,,
Volastra,Commercial,,,
Volkswagen,Commercial,,,
Voltaco,Commercial,,,
Volva,Commercial,,,
Volvo,Commercial,,,
Vonova,Commercial,,,
Voximetry Partners,Commercial,,,
Voyage81,Commercial,,,
Vuno,Commercial,,,
Vy Capital,Commercial,Finance & Venture Capital,,
Wadhwani Institute,Commercial,,,
Wahtari,Commercial,,,
Wallenius Wilhelmsen,Commercial,,,
Waypoint Transit,Commercial,,,
Waze,Commercial,,,
WCM,Commercial,Finance & Venture Capital,,
Weaviate,Commercial,,,
WebAppClouds,Commercial,,,
Webster University,Commercial,,,
Wefi,Commercial,,,
WellBe Senior Medical,Commercial,,,
Wellth,Commercial,,,
WestBridge Capital,Commercial,Finance & Venture Capital,,
Western Digital,Commercial,,,
Whiteboard,Commercial,,,
Wikipedia,Commercial,,,
William Gaviria Rojas ,Commercial,Finance & Venture Capital,,
Windō,Commercial,,,
Wizard,Commercial,,,
Workable,Commercial,,,
Workboard AI,Commercial,,,
Workday,Commercial,,,
World Bank,Commercial,,,
Worldwide Clinical Trials,Commercial,,,
WRITER,Commercial,,,
Yann LeCun,Commercial,Finance & Venture Capital,,
Yes Bank,Commercial,,,
Yext,Commercial,,,
Zedge,Commercial,,,
Zeitview,Commercial,,,
Zendesk,Commercial,,,
Zenseact,Commercial,,,
Zepeto,Commercial,,,
ZF,Commercial,,,
Zillia,Commercial,,,
Zipline ,Commercial,,,
ZKW,Commercial,,,
Zoox,Commercial,,,